movie_id,title,release_year,genre,rating
1,The Lost Promise,1992,Animasyon,8.7
2,Their Beautiful Adventure,2001,Savaş,9.7
3,My Fantastic Dream,2021,TV Film,1.9
4,The Secret Mystery,1994,Tarih,4.9
5,Their Wonderful Story,2015,Gizem,7.3
6,A Amazing Journey,2008,Macera,8.9
7,My Mysterious Dream,1999,Aksiyon,5.4
8,Their Secret Hope,2002,Animasyon,5.2
9,The Hidden Adventure,2004,Gizem,6.7
10,Our Secret Mystery,2019,Müzik,4.0
11,My Hidden Promise,2002,Romantik,8.2
12,Their Wonderful Mystery,1995,Macera,6.5
13,A Beautiful Secret,2015,Macera,6.6
14,The Lost Dream,2002,Tarih,9.2
15,The Secret Adventure,2011,Aksiyon,3.5
16,Their Secret Secret,2008,Aksiyon,1.2
17,Their Beautiful Promise,2006,TV Film,5.7
18,My Mysterious Secret,2015,Aksiyon,7.1
19,Our Lost Secret,2009,Suç,3.1
20,The Hidden Quest,2002,Romantik,1.6
21,The Mysterious Hope,2020,TV Film,3.1
22,A Fantastic Dream,1993,Suç,3.7
23,A Incredible Adventure,2011,Savaş,3.6
24,My Great Dream,2011,Fantastik,1.8
25,Their Beautiful Hope,1995,Drama,8.7
26,A Secret Treasure,2002,Müzik,5.6
27,A Fantastic Adventure,2006,Bilim Kurgu,3.8
28,The Wonderful Journey,2022,Gizem,2.0
29,My Mysterious Dream,2018,Drama,9.3
30,A Great Story,2000,TV Film,5.2
31,A Amazing Journey,2021,Aksiyon,7.3
32,A Wonderful Promise,2009,Drama,7.9
33,Their Beautiful Story,2020,Drama,6.0
34,A Great Treasure,1998,Gizem,8.2
35,A Mysterious Adventure,2017,Drama,7.0
36,My Amazing Journey,1994,Müzik,4.1
37,Their Fantastic Secret,1992,Macera,6.2
38,A Amazing Mystery,2013,Fantastik,1.3
39,The Secret Treasure,1997,Macera,2.7
40,Their Fantastic Dream,1997,TV Film,8.7
41,My Wonderful Mystery,1997,Tarih,3.7
42,Our Beautiful Quest,1995,Savaş,7.9
43,Our Fantastic Adventure,2021,Suç,8.7
44,Our Lost Promise,2003,Tarih,8.8
45,The Incredible Journey,2020,Gerilim,9.3
46,The Incredible Story,2023,Bilim Kurgu,6.6
47,A Great Mystery,2018,Aksiyon,8.3
48,Their Great Journey,1995,Macera,10.0
49,The Great Dream,2022,Bilim Kurgu,4.9
50,My Great Secret,1992,Komedi,1.1
51,My Wonderful Hope,1993,Suç,1.0
52,Our Amazing Promise,2016,Animasyon,4.6
53,A Incredible Adventure,2000,Gizem,9.4
54,My Beautiful Mystery,2007,Fantastik,3.3
55,A Beautiful Adventure,1992,Romantik,1.4
56,Their Great Quest,2010,Tarih,9.4
57,A Amazing Mystery,2005,Romantik,5.9
58,Our Beautiful Story,1990,Fantastik,8.0
59,The Wonderful Promise,2013,Drama,9.0
60,My Mysterious Secret,2013,Aksiyon,3.9
61,The Hidden Promise,1998,Macera,3.5
62,A Fantastic Dream,1992,Batı,5.0
63,Their Secret Mystery,1999,Romantik,3.9
64,A Incredible Mystery,2021,Macera,4.9
65,My Mysterious Quest,2009,Gizem,2.1
66,A Amazing Promise,2003,Aile,1.9
67,The Incredible Quest,1999,Gizem,2.7
68,Our Wonderful Story,1999,Gizem,1.9
69,My Fantastic Journey,1995,Fantastik,5.9
70,My Lost Story,2008,Bilim Kurgu,7.0
71,Our Beautiful Journey,1999,Suç,3.6
72,Their Mysterious Treasure,1992,Komedi,6.1
73,Their Great Quest,2001,Komedi,3.7
74,My Amazing Journey,2019,Gizem,1.9
75,The Hidden Promise,2022,Gizem,6.0
76,My Wonderful Hope,2003,Müzik,6.1
77,Their Mysterious Quest,1996,Gerilim,5.8
78,A Fantastic Secret,2008,Suç,5.0
79,My Beautiful Secret,1999,Fantastik,9.1
80,Their Hidden Secret,2020,Gerilim,5.4
81,A Incredible Treasure,2023,Fantastik,2.7
82,My Hidden Promise,2011,Gizem,2.6
83,Our Amazing Hope,2007,Batı,7.0
84,Their Secret Promise,2009,Korku,4.3
85,Our Lost Treasure,2009,Animasyon,3.6
86,The Secret Quest,1999,TV Film,2.7
87,Our Hidden Promise,2011,Romantik,9.0
88,A Mysterious Quest,2003,Fantastik,5.3
89,Our Secret Journey,2003,Korku,5.9
90,The Great Promise,1990,Savaş,4.3
91,A Incredible Dream,2007,Romantik,6.5
92,My Amazing Secret,1995,Gerilim,4.3
93,A Secret Quest,2016,Aile,1.5
94,A Incredible Secret,1992,Drama,3.6
95,My Great Mystery,2021,Aile,1.9
96,A Great Secret,2010,Romantik,4.7
97,A Amazing Treasure,2009,Belgesel,7.4
98,The Wonderful Story,1996,Müzik,8.3
99,My Beautiful Promise,1994,Belgesel,4.8
100,A Fantastic Story,2018,Gizem,3.3
101,Their Beautiful Quest,2013,Aile,1.8
102,My Lost Journey,2010,TV Film,5.9
103,My Incredible Mystery,2004,Macera,2.1
104,Our Incredible Treasure,2005,Aile,5.9
105,A Incredible Dream,1992,Drama,8.8
106,Their Incredible Treasure,2003,Romantik,2.4
107,My Great Journey,1990,Suç,2.6
108,My Wonderful Dream,1995,Gizem,5.4
109,Our Lost Hope,2022,Tarih,6.6
110,A Lost Adventure,2010,Bilim Kurgu,7.5
111,A Great Hope,2002,Suç,4.3
112,Our Secret Promise,1999,Drama,2.8
113,A Lost Mystery,2001,Macera,1.6
114,My Hidden Secret,2011,Savaş,3.0
115,The Incredible Story,1991,Korku,6.6
116,Our Hidden Secret,2003,Aksiyon,1.8
117,A Mysterious Dream,1990,Savaş,6.2
118,My Incredible Quest,1995,Suç,4.0
119,The Hidden Mystery,1997,Bilim Kurgu,9.8
120,Their Great Journey,1994,Drama,6.8
121,Their Incredible Mystery,2014,Gizem,3.5
122,Their Hidden Treasure,2003,Drama,1.6
123,Their Wonderful Mystery,2007,Suç,9.1
124,My Hidden Hope,2013,Animasyon,9.9
125,My Incredible Journey,2005,Macera,3.2
126,A Fantastic Story,2014,Suç,3.3
127,Their Great Story,1994,Komedi,7.9
128,My Incredible Quest,1992,Belgesel,5.5
129,Our Wonderful Quest,2010,Suç,5.5
130,Our Amazing Promise,2001,Aksiyon,7.1
131,My Great Quest,2001,Aksiyon,9.7
132,The Lost Secret,1994,Animasyon,9.9
133,Our Great Journey,2006,Aksiyon,5.8
134,A Wonderful Journey,2003,Gerilim,5.7
135,My Wonderful Dream,2014,Aksiyon,8.3
136,Their Beautiful Treasure,2001,Animasyon,8.5
137,A Hidden Journey,1993,Gizem,6.8
138,Their Incredible Quest,2016,Batı,9.9
139,My Beautiful Mystery,2021,Animasyon,6.1
140,Their Beautiful Adventure,2006,Romantik,1.3
141,A Hidden Quest,1990,Savaş,6.0
142,Their Amazing Quest,1993,Aksiyon,9.6
143,The Secret Mystery,2002,Korku,5.2
144,My Hidden Promise,1991,Belgesel,2.5
145,The Lost Adventure,2016,Aksiyon,7.1
146,Our Hidden Secret,1999,Romantik,7.1
147,My Amazing Journey,2014,Drama,1.1
148,The Amazing Adventure,2014,Batı,1.6
149,My Secret Secret,1995,Batı,8.6
150,My Amazing Journey,2002,Batı,2.4
151,A Secret Mystery,2005,Gizem,5.3
152,The Lost Story,2000,Gerilim,7.1
153,Their Fantastic Dream,1990,Batı,4.3
154,A Incredible Story,2003,Drama,7.6
155,Our Hidden Quest,1999,Korku,3.8
156,My Secret Story,2014,Macera,4.3
157,Their Amazing Adventure,2015,Suç,1.1
158,My Mysterious Secret,2021,Komedi,4.7
159,Their Wonderful Journey,2011,Korku,6.2
160,My Fantastic Journey,2008,Drama,9.3
161,Our Lost Promise,2014,Gizem,7.2
162,Our Incredible Journey,1994,Drama,7.1
163,My Mysterious Hope,2020,Macera,5.3
164,My Amazing Story,1993,Belgesel,9.1
165,Their Wonderful Hope,1995,TV Film,7.4
166,Our Mysterious Dream,2008,TV Film,1.2
167,A Hidden Quest,1996,Tarih,8.7
168,Our Fantastic Quest,2008,Drama,4.0
169,Their Secret Story,2007,Aksiyon,1.1
170,Our Hidden Promise,2016,Tarih,6.9
171,A Amazing Dream,2019,Batı,7.6
172,The Beautiful Promise,2020,Gerilim,1.0
173,A Beautiful Journey,1996,Romantik,7.0
174,Their Beautiful Journey,1992,Suç,8.9
175,Their Wonderful Secret,2013,Gizem,1.5
176,The Great Hope,2006,Bilim Kurgu,8.4
177,The Lost Adventure,1997,Aile,8.6
178,The Fantastic Journey,2006,Macera,2.1
179,Their Secret Adventure,2004,Bilim Kurgu,9.5
180,A Hidden Dream,2021,Gerilim,3.1
181,Their Wonderful Journey,1990,Savaş,1.2
182,My Hidden Story,2015,Savaş,1.4
183,Their Lost Secret,2010,Bilim Kurgu,4.8
184,Our Secret Journey,2006,Korku,6.3
185,My Secret Promise,2016,Animasyon,6.3
186,Our Secret Promise,2014,Batı,4.3
187,Our Beautiful Mystery,2015,Korku,2.6
188,Our Great Journey,2004,Batı,7.0
189,Our Beautiful Adventure,1998,Animasyon,4.4
190,A Lost Hope,2019,Aksiyon,6.2
191,My Secret Story,2009,Belgesel,6.3
192,The Lost Mystery,1995,Aile,1.1
193,The Hidden Story,2019,Korku,3.6
194,Our Hidden Mystery,2023,Animasyon,9.9
195,A Lost Journey,2010,Macera,1.2
196,Their Mysterious Dream,2010,Romantik,4.9
197,Their Amazing Dream,2003,Gerilim,8.3
198,Our Great Treasure,1993,Gerilim,4.1
199,Our Mysterious Mystery,2013,Drama,8.4
200,The Great Secret,2000,Fantastik,2.4
